{
  "timestamp": "2025-11-24T23:20:18.523215+00:00",
  "lookback": 48,
  "prediction_horizon": 4,
  "target_return_pct": 0.003,
  "max_candles": 80000,
  "accuracy": 0.5791119449656035,
  "report": {
    "0.0": {
      "precision": 0.840570944719971,
      "recall": 0.5621713453604077,
      "f1-score": 0.6737444250533255,
      "support": 12361.0
    },
    "1.0": {
      "precision": 0.2992360481678104,
      "recall": 0.6368145494626619,
      "f1-score": 0.4071529245947851,
      "support": 3629.0
    },
    "accuracy": 0.5791119449656035,
    "macro avg": {
      "precision": 0.5699034964438907,
      "recall": 0.5994929474115348,
      "f1-score": 0.5404486748240553,
      "support": 15990.0
    },
    "weighted avg": {
      "precision": 0.7177126370534425,
      "recall": 0.5791119449656035,
      "f1-score": 0.6132403252932228,
      "support": 15990.0
    }
  }
}