{
  "pattern": "triangle",
  "samples": 7576,
  "accuracy": 0.7893347412882787,
  "report": {
    "0.0": {
      "precision": 0.999330207635633,
      "recall": 0.7894179894179895,
      "f1-score": 0.8820573455512858,
      "support": 1890.0
    },
    "1.0": {
      "precision": 0.007481296758104738,
      "recall": 0.75,
      "f1-score": 0.014814814814814815,
      "support": 4.0
    },
    "accuracy": 0.7893347412882787,
    "macro avg": {
      "precision": 0.5034057521968689,
      "recall": 0.7697089947089948,
      "f1-score": 0.4484360801830503,
      "support": 1894.0
    },
    "weighted avg": {
      "precision": 0.9972354897668314,
      "recall": 0.7893347412882787,
      "f1-score": 0.8802257879362141,
      "support": 1894.0
    }
  }
}