{
  "pattern": "doji",
  "samples": 13222,
  "accuracy": 0.9228675136116152,
  "report": {
    "0.0": {
      "precision": 0.9986876640419947,
      "recall": 0.9238239757207891,
      "f1-score": 0.9597982027431815,
      "support": 3295.0
    },
    "1.0": {
      "precision": 0.027131782945736434,
      "recall": 0.6363636363636364,
      "f1-score": 0.05204460966542751,
      "support": 11.0
    },
    "accuracy": 0.9228675136116152,
    "macro avg": {
      "precision": 0.5129097234938655,
      "recall": 0.7800938060422127,
      "f1-score": 0.5059214062043045,
      "support": 3306.0
    },
    "weighted avg": {
      "precision": 0.9954550219693816,
      "recall": 0.9228675136116152,
      "f1-score": 0.9567778489852095,
      "support": 3306.0
    }
  }
}