{
  "pattern": "hammer",
  "samples": 4628,
  "accuracy": 0.7856525496974935,
  "report": {
    "0.0": {
      "precision": 1.0,
      "recall": 0.7850953206239168,
      "f1-score": 0.8796116504854369,
      "support": 1154.0
    },
    "1.0": {
      "precision": 0.01195219123505976,
      "recall": 1.0,
      "f1-score": 0.023622047244094488,
      "support": 3.0
    },
    "accuracy": 0.7856525496974935,
    "macro avg": {
      "precision": 0.5059760956175299,
      "recall": 0.8925476603119584,
      "f1-score": 0.45161684886476566,
      "support": 1157.0
    },
    "weighted avg": {
      "precision": 0.9974380782832369,
      "recall": 0.7856525496974935,
      "f1-score": 0.8773921441676115,
      "support": 1157.0
    }
  }
}