{
  "pattern": "ascending_triangle",
  "samples": 23635,
  "accuracy": 0.7842274496530716,
  "report": {
    "0.0": {
      "precision": 0.9995682210708118,
      "recall": 0.784346942232763,
      "f1-score": 0.8789748457522544,
      "support": 5903.0
    },
    "1.0": {
      "precision": 0.0031323414252153485,
      "recall": 0.6666666666666666,
      "f1-score": 0.006235385814497272,
      "support": 6.0
    },
    "accuracy": 0.7842274496530716,
    "macro avg": {
      "precision": 0.5013502812480136,
      "recall": 0.7255068044497148,
      "f1-score": 0.4426051157833758,
      "support": 5909.0
    },
    "weighted avg": {
      "precision": 0.9985564398425374,
      "recall": 0.7842274496530716,
      "f1-score": 0.8780886658978583,
      "support": 5909.0
    }
  }
}