{
  "timestamp": "2025-11-24T19:17:14.417156",
  "lookback": 48,
  "prediction_horizon": 4,
  "target_return_pct": 0.003,
  "max_candles": 80000,
  "accuracy": 0.6569731081926203,
  "report": {
    "0.0": {
      "precision": 0.8283667621776505,
      "recall": 0.7016422619529165,
      "f1-score": 0.7597564714642372,
      "support": 12361.0
    },
    "1.0": {
      "precision": 0.3318840579710145,
      "recall": 0.5048222650868007,
      "f1-score": 0.40048092687725434,
      "support": 3629.0
    },
    "accuracy": 0.6569731081926203,
    "macro avg": {
      "precision": 0.5801254100743325,
      "recall": 0.6032322635198586,
      "f1-score": 0.5801186991707458,
      "support": 15990.0
    },
    "weighted avg": {
      "precision": 0.7156878545124922,
      "recall": 0.6569731081926203,
      "f1-score": 0.6782173250410878,
      "support": 15990.0
    }
  }
}